config_name,label_gain,seed,num_leaves,learning_rate,best_iter_random,n_features,n_features_reported,random_ndcg5,temporal_ndcg5,temporal_recall1,temporal_recall5,temporal_mbr,delta_temporal_vs_anchor,delta_temporal_vs_random
B6,"0,2,15",456,400,0.03,694,143,143,0.4219650903839774,0.5395586194290115,0.367009867009867,0.766016016016016,4.133025883025883,0.13554861942901153,0.11759352904503412
E3,"0,2,15",456,512,0.03,551,143,143,0.4218449069584134,0.5327438010818607,0.3733733733733734,0.777027027027027,4.024167024167024,0.12873380108186072,0.11089889412344728
D13,"0,2,15",456,400,0.03,484,80,80,0.3999875509363152,0.5249926699913362,0.3790576290576291,0.7552195052195052,4.30055055055055,0.12098266999133622,0.12500511905502099
I6,"0,2,15",456,400,0.03,-1,143,143,0.4216251993909822,0.5152390548054684,0.35238810238810236,0.755934505934506,4.294151294151294,0.11122905480546841,0.09361385541448619
C9,"0,3,15",2024,400,0.03,591,143,143,0.4214494378548917,0.5140846192960087,0.35435435435435436,0.7538610038610039,4.278886028886029,0.1100746192960087,0.09263518144111699
E7,"0,2,15",456,400,0.02,821,143,143,0.4225068692440406,0.5116412947997914,0.34974259974259975,0.7525025025025025,4.31031031031031,0.10763129479979139,0.0891344255557508
A2,"0,2,18",456,400,0.03,539,143,143,0.4211473384948694,0.507662827439292,0.3435578435578436,0.7493207493207493,4.350815100815101,0.10365282743929205,0.08651548894442262
F8,"0,2,15",456,400,0.03,437,143,143,0.4216600219154528,0.5068977860239071,0.3238953238953239,0.722079222079222,4.734448734448734,0.10288778602390714,0.0852377641084543
E4,"0,2,15",456,400,0.03,518,143,143,0.4229054038189159,0.5058424503604046,0.34248534248534246,0.746031746031746,4.407693407693408,0.10183245036040467,0.08293704654148876
C6,"0,3,15",42,400,0.03,518,143,143,0.4210580763147767,0.5054470316508366,0.34227084227084226,0.7458172458172458,4.403903903903904,0.10143703165083662,0.08438895533605989
B12,"0,2,20",456,400,0.03,491,143,143,0.42056238378676,0.5044048914986188,0.33701558701558704,0.737094237094237,4.50082225082225,0.1003948914986188,0.0838425077118588
D11,"0,2,15",456,400,0.03,514,140,140,0.4214466832259077,0.504370374635606,0.3406263406263406,0.7434219934219934,4.418346918346918,0.10036037463560599,0.08292369140969824
A13,"0,1,30",456,400,0.03,514,143,143,0.4216881431978045,0.5042699988875793,0.3404118404118404,0.7442799942799943,4.415236665236665,0.1002599988875793,0.08258185568977477
D4,"0,2,15",456,400,0.03,523,120,120,0.4222849173966679,0.5040498270839252,0.341019591019591,0.7437794937794938,4.4130559130559135,0.10003982708392523,0.0817649096872573
H2,"0,2,15",456,400,0.03,-1,143,143,0.4212385081025689,0.5030126504441123,0.3383025883025883,0.7428499928499929,4.477298727298727,0.09900265044411227,0.08177414234154334
F13,"0,3,15",456,400,0.03,500,143,143,0.4225321567469929,0.5021868667030126,0.3390890890890891,0.7422064922064922,4.454382954382955,0.09817686670301262,0.0796547099560197
C8,"0,3,15",789,400,0.03,479,143,143,0.4211012295346639,0.5007718428737891,0.33715858715858715,0.7384884884884885,4.478371228371229,0.09676184287378908,0.07967061333912517
D10,"0,2,15",456,400,0.03,486,138,138,0.4205621625224238,0.500654273725655,0.33715858715858715,0.7389532389532389,4.4892392392392395,0.09664427372565498,0.08009211120323118
A7,"0,3,18",456,400,0.03,480,143,143,0.4208655315231677,0.49938176206911594,0.33472758472758474,0.7375947375947376,4.5036107536107535,0.09537176206911596,0.07851623054594825
D1,"0,2,15",456,400,0.03,476,142,142,0.4192809455122522,0.4983322118537137,0.33748033748033746,0.7356642356642357,4.561239811239811,0.0943222118537137,0.07905126634146148
F14,"0,2,15",456,400,0.03,476,142,142,0.4192809455122522,0.4983322118537137,0.33748033748033746,0.7356642356642357,4.561239811239811,0.0943222118537137,0.07905126634146148
D2,"0,2,15",456,400,0.03,476,142,142,0.4192809455122522,0.4983322118537137,0.33748033748033746,0.7356642356642357,4.561239811239811,0.0943222118537137,0.07905126634146148
D7,"0,2,15",456,400,0.03,486,101,101,0.420069131859239,0.4982816647895584,0.33444158444158445,0.7364507364507364,4.50997425997426,0.0942716647895584,0.07821253293031938
B10,"0,2,20",456,400,0.03,358,143,143,0.421976654275635,0.49759192080824227,0.33394108394108396,0.703989703989704,5.07965107965108,0.09358192080824229,0.07561526653260725
B7,"0,3,15",456,400,0.03,359,143,143,0.4211130638933019,0.49746435738393296,0.3342985842985843,0.7026669526669527,5.103639353639354,0.09345435738393298,0.07635129349063108
B1,"0,2,15",456,400,0.03,363,143,143,0.4211999717030242,0.4970459787721163,0.3319033319033319,0.7027742027742028,5.090304590304591,0.09303597877211633,0.07584600706909211
B9,"0,3,15",456,400,0.03,435,143,143,0.4216841659483639,0.4962939520637408,0.32671957671957674,0.7262977262977263,4.648362648362649,0.09228395206374079,0.07460978611537689
C11,"0,2,20",123,400,0.03,465,143,143,0.4212082986421953,0.49588741525471836,0.33125983125983127,0.7347347347347347,4.534248534248534,0.09187741525471838,0.07467911661252308
A9,"0,4,15",456,400,0.03,454,143,143,0.4208497216564492,0.495817693685486,0.33186758186758186,0.7328042328042328,4.556949806949807,0.09180769368548602,0.07496797202903682
F10,"0,2,15",456,400,0.03,465,136,136,0.4202534097836601,0.4955500908368437,0.3306878306878307,0.7334834834834835,4.552052052052052,0.09154009083684372,0.0752966810531836
I4,"0,2,15",456,400,0.03,344,137,137,0.4173040960936301,0.49420120268332746,0.33211783211783213,0.6982696982696983,5.159623909623909,0.09019120268332748,0.07689710658969734
E6,"0,2,15",456,400,0.03,439,143,143,0.4214036543147207,0.49361477768625056,0.32936507936507936,0.7319819819819819,4.598991848991849,0.08960477768625058,0.07221112337152985
F2,"0,2,15",456,400,0.03,439,143,143,0.4214036543147207,0.49361477768625056,0.32936507936507936,0.7319819819819819,4.598991848991849,0.08960477768625058,0.07221112337152985
D6,"0,2,15",456,400,0.03,485,80,80,0.4184947594011178,0.49348921403124807,0.32718432718432716,0.7315529815529815,4.588517088517088,0.08947921403124809,0.07499445463013027
A4,"0,2,25",456,400,0.03,442,143,143,0.4207272582204425,0.49341813210630714,0.32943657943657945,0.7308379808379808,4.58951808951809,0.08940813210630716,0.07269087388586465
I3,"0,2,15",456,400,0.03,426,143,143,0.4218115217085209,0.4921857504628463,0.32732732732732733,0.7292292292292293,4.625983125983126,0.08817575046284631,0.07037422875432542
A8,"0,3,20",456,400,0.03,428,143,143,0.4206005382311993,0.4914704298565932,0.32657657657657657,0.7274059774059775,4.637530387530387,0.08746042985659325,0.07086989162539392
C2,"0,2,15",123,400,0.03,427,143,143,0.4207390734334815,0.4913027298308216,0.32675532675532676,0.7274059774059775,4.636136136136136,0.08729272983082165,0.07056365639734014
D14,"0,2,15",456,400,0.03,409,135,135,0.4210687899112557,0.4905539645193775,0.3241098241098241,0.7284069784069784,4.66952666952667,0.08654396451937751,0.06948517460812181
A6,"0,3,15",456,400,0.03,407,143,143,0.4219782765713343,0.4888423239355949,0.3257185757185757,0.7242599742599742,4.677177177177177,0.08483232393559492,0.0668640473642606
D9,"0,2,15",456,400,0.03,416,139,139,0.4189235504431869,0.48881324816920707,0.3236093236093236,0.7261189761189761,4.657407407407407,0.08480324816920709,0.06988969772602016
B3,"0,2,15",456,400,0.03,326,143,143,0.42396113577726,0.48782208277351446,0.32654082654082656,0.713034463034463,4.94033319033319,0.08381208277351448,0.06386094699625444
A12,"0,1,25",456,400,0.03,400,143,143,0.42070474281903,0.487713723292,0.3213928213928214,0.7255469755469756,4.691369941369941,0.08370372329200004,0.06700898047297005
F3,"0,2,15",456,400,0.03,408,143,143,0.4206877120628958,0.48715179683228854,0.33004433004433004,0.7327684827684827,4.588159588159588,0.08314179683228856,0.06646408476939275
F1,"0,2,15",456,400,0.03,392,143,143,0.421036625366641,0.4868566598812229,0.32203632203632204,0.7234377234377234,4.723258973258973,0.08284665988122292,0.0658200345145819
F12,"0,2,15",456,400,0.03,313,143,143,0.4196198200168831,0.4864181990920636,0.3205348205348205,0.6948376948376949,5.209495209495209,0.0824081990920636,0.06679837907518049
D3,"0,3,15",456,400,0.03,399,142,142,0.418661334011387,0.48625867838996645,0.32264407264407263,0.7196124696124696,4.76015301015301,0.08224867838996647,0.06759734437857945
C12,"0,2,20",789,400,0.03,375,143,143,0.4204783850557079,0.48594518886846094,0.32196482196482196,0.7216502216502216,4.743636493636494,0.08193518886846096,0.06546680381275305
A1,"0,2,12",456,400,0.03,385,143,143,0.4220514324555018,0.4857015545138497,0.32014157014157013,0.7207564707564708,4.743958243958244,0.08169155451384974,0.06365012205834791
D12,"0,2,15",456,400,0.03,367,138,138,0.419328069214686,0.4855413618161657,0.32246532246532245,0.719040469040469,4.769412269412269,0.08153136181616571,0.06621329260147968
B5,"0,2,15",456,400,0.03,368,143,143,0.4208915732474889,0.4850183277334137,0.31495781495781494,0.715036465036465,4.836300586300586,0.08100832773341371,0.06412675448592481
E10,"0,2,15",456,400,0.03,380,143,143,0.4210224847364751,0.48473954307154293,0.3209280709280709,0.7203274703274704,4.751251251251252,0.08072954307154295,0.06371705833506786
C7,"0,3,15",123,400,0.03,379,143,143,0.4194616532691804,0.48329805039453305,0.31735306735306734,0.7179679679679679,4.773201773201773,0.07928805039453307,0.06383639712535266
E1,"0,2,15",456,255,0.03,611,143,143,0.4220263276180668,0.48308969908846827,0.31653081653081655,0.7206492206492207,4.725475475475475,0.07907969908846829,0.06106337147040147
F4,"0,2,15",456,400,0.03,362,143,143,0.4178841254706369,0.4827089265593719,0.31892606892606895,0.7294794794794794,4.546332046332046,0.07869892655937194,0.064824801088735
C5,"0,2,15",9999,400,0.03,363,143,143,0.4206051058633752,0.48264996289950723,0.31692406692406694,0.7178607178607178,4.802695552695552,0.07863996289950725,0.06204485703613205
H5,,456,400,0.03,784,143,143,0.4132942015373793,0.4804897966746054,0.28667953667953666,0.7397039897039897,4.280923780923781,0.07647979667460542,0.06719559513722612
H4,,456,400,0.03,784,143,143,0.4132942015373793,0.4804897966746054,0.28667953667953666,0.7397039897039897,4.280923780923781,0.07647979667460542,0.06719559513722612
B4,"0,2,15",456,400,0.03,328,143,143,0.4208334212552478,0.48020081611466425,0.3160660660660661,0.7119619619619619,4.90000715000715,0.07619081611466427,0.059367394859416445
H3,,456,400,0.03,739,143,143,0.4116387102961484,0.47944323678405837,0.3030530530530531,0.7648362648362649,4.025275275275275,0.07543323678405839,0.06780452648790997
C3,"0,2,15",789,400,0.03,351,143,143,0.4209438255379801,0.47922507447538903,0.3133848133848134,0.7133919633919634,4.845166595166595,0.07521507447538905,0.058281248937408936
D5,"0,2,15",456,400,0.03,353,100,100,0.4194923665698253,0.4782974924856369,0.31166881166881166,0.7134277134277134,4.857786357786358,0.07428749248563693,0.05880512591581161
A5,"0,3,12",456,400,0.03,344,143,143,0.4210860870131338,0.4781159476479973,0.31177606177606176,0.7124267124267124,4.861468611468611,0.07410594764799733,0.05702986063486348
A11,"0,5,20",456,400,0.03,344,143,143,0.4210860870131338,0.4781159476479973,0.31177606177606176,0.7124267124267124,4.861468611468611,0.07410594764799733,0.05702986063486348
F6,"0,2,15",456,400,0.03,369,143,143,0.4190322403319824,0.47751012396295345,0.32210782210782213,0.722937222937223,4.720434720434721,0.07350012396295347,0.05847788363097106
F5,"0,2,15",456,400,0.03,349,143,143,0.4182810046397962,0.4772693493184218,0.32214357214357214,0.7157157157157157,4.845953095953096,0.07325934931842182,0.058988344678625626
D8,"0,2,15",456,400,0.03,380,72,72,0.4175554023746609,0.47689782623532645,0.308022308022308,0.7111754611754612,4.869154869154869,0.07288782623532647,0.05934242386066557
F9,"0,2,15",456,400,0.03,332,131,131,0.4203280643873113,0.47553723894513483,0.30927355927355926,0.7091734591734592,4.920563420563421,0.07152723894513485,0.05520917455782354
E9,"0,2,15",456,400,0.03,322,143,143,0.4210925706952336,0.4749170473177181,0.3087730587730588,0.7080652080652081,4.938331188331189,0.07090704731771813,0.05382447662248452
A3,"0,2,20",456,400,0.03,318,143,143,0.4198580379403687,0.4740088650616545,0.30734305734305734,0.7076004576004576,4.941083941083941,0.06999886506165454,0.05415082712128583
C1,"0,2,15",42,400,0.03,287,143,143,0.419713877675565,0.4694191196437179,0.3027313027313027,0.7026669526669527,5.038073788073788,0.06540911964371793,0.0497052419681529
A10,"0,4,20",456,400,0.03,280,143,143,0.4204387529416504,0.46690894919655096,0.29958529958529956,0.6978049478049478,5.070713570713571,0.06289894919655098,0.046470196254900564
C10,"0,2,20",42,400,0.03,268,143,143,0.4197779309104616,0.4657662526662611,0.2982267982267982,0.6964464464464465,5.095988845988846,0.06175625266626111,0.04598832175579948
E5,"0,2,15",456,400,0.03,277,143,143,0.4198331838688213,0.46573770897430805,0.3005863005863006,0.6945516945516945,5.097740597740597,0.06172770897430807,0.04590452510548676
C4,"0,2,15",2024,400,0.03,250,143,143,0.4195416690699713,0.46278226928831023,0.2978692978692979,0.6924781924781925,5.158372658372659,0.05877226928831025,0.04324060021833892
B11,"0,2,20",456,400,0.03,133,143,143,0.4017235518145436,0.4595894103385405,0.28625053625053626,0.6912626912626912,5.117975117975118,0.055579410338540525,0.057865858523996894
B2,"0,2,15",456,400,0.03,125,143,143,0.401329553625538,0.45772781708167437,0.2847132847132847,0.6850421850421851,5.158765908765909,0.05371781708167439,0.056398263456136355
I2,"0,2,15",456,128,0.03,689,138,138,0.4201104829287231,0.45485552667329954,0.28664378664378665,0.6831474331474332,5.263585013585014,0.05084552667329956,0.03474504374457643
B8,"0,3,15",456,400,0.03,117,143,143,0.4007287099696336,0.45466469671749704,0.28142428142428144,0.6816101816101816,5.220935220935221,0.05065469671749706,0.05393598674786343
E8,"0,2,15",456,400,0.05,135,143,143,0.4188053512859919,0.4544803933260779,0.28575003575003577,0.6847561847561847,5.296403546403546,0.050470393326077945,0.035675042040086036
H1,,456,400,0.03,324,143,143,0.417660668127189,0.45262344302433155,0.29604604604604606,0.6803231803231803,5.3415558415558415,0.04861344302433157,0.03496277489714256
I5,"0,3,30",456,400,0.03,153,143,143,0.3960150803389419,0.44278588064685437,0.22697697697697697,0.5994565994565995,6.522272272272272,0.03877588064685439,0.046770800307912475
F7,"0,2,15",456,400,0.03,149,143,143,0.3955045948981905,0.4415165498700056,0.2282997282997283,0.6006721006721006,6.516445016445016,0.03750654987000562,0.046011954971815094
I1,"0,2,15",456,63,0.03,1079,143,143,0.4212442476669977,0.44139978719185224,0.27345202345202346,0.666988416988417,5.481660231660232,0.037389787191852264,0.02015553952485455
E2,"0,2,15",456,128,0.03,484,143,143,0.4208346655037956,0.4413556813885577,0.27352352352352355,0.6664164164164165,5.488488488488488,0.037345681388557705,0.020521015884762073
