feature,adv_gain,adv_split,feature_group,ranker_gain,adv_share,ranker_share
country_book_rate,5384699.423983951,1645,hotel_agg_TE_single,85011,0.48622995898447463,0.0044009256692864145
site_book_rate,4009040.0268707164,2308,hotel_agg_TE_single,103370,0.3620100611651662,0.005351350842057342
site_country_book_rate,841564.8253986109,443,hotel_agg_TE_cross,77850,0.07599199106894526,0.004030208600698114
cpair_book_rate,407427.41804613173,410,hotel_agg_TE_cross,77377,0.03679006034828054,0.004005721912603956
prop_country_id,191710.6973237805,708,raw,39683,0.017311176939874565,0.0020543451239756357
site_id,79872.63761347532,393,raw,39022,0.007212374591941135,0.0020201258833197405
dest_count,29808.021818220615,195,hotel_agg_count,251612,0.0026916178759256466,0.013025675612573588
visitor_location_country_id,24496.63841867447,205,raw,41239,0.002212008239590291,0.002134897527092993
dest_mean_price,21544.640951916575,126,hotel_agg_dest_stat,128450,0.0019454474728387088,0.006649714768910376
dest_mean_star,19376.28624864295,90,hotel_agg_dest_stat,122178,0.0017496484253114704,0.006325020249403907
dest_click_rate,11170.30445420742,85,hotel_agg_TE_single,136184,0.0010086610688837506,0.007050095415253333
is_domestic,8400.654057331383,34,quality,13794,0.0007585659581193316,0.0007141001597691687
dest_mean_review,8367.948806881905,87,hotel_agg_dest_stat,111051,0.0007556127250170721,0.0057489877368802345
prop_count,6454.935790300369,56,hotel_agg_count,176501,0.0005828706335186742,0.00913726201967653
dest_book_rate,5342.246695723094,66,hotel_agg_TE_single,119564,0.0004823965438398678,0.006189696353678475
distance_x_international,4958.055146187544,18,interaction,48069,0.0004477046461750133,0.0024884790909050435
srch_destination_id,3369.7310531139374,65,raw,102148,0.00030428145802278744,0.005288089250406049
orig_destination_distance,3314.338914871216,40,raw,175459,0.0002992796343395829,0.009083318829414135
log_distance,3004.286169052124,15,price,79883,0.00027128235500934665,0.0041354547674960496
prop_location_score1,2710.9746084213257,19,raw,229192,0.0002447967785888771,0.011865016950689816
query_price_mean,1973.069235920906,30,listwise_within_query,97973,0.00017816507442964196,0.005071954107080235
log_prop_count,1182.1345302164555,13,hotel_agg_count,71660,0.00010674490419671593,0.0037097591307132544
location_total,813.7380886077881,10,quality,189036,7.347928014060472e-05,0.009786185138620021
has_distance,780.0519008636475,15,missing_flag,316,7.043746993069362e-05,1.6358971327175388e-05
price_per_star,512.1161626577377,11,interaction,102998,4.624329069423291e-05,0.005332092812520287
prop_avg_position,413.7799987792969,2,hotel_agg_position,512985,3.7363688479792316e-05,0.026556667424908437
site_dest_book_rate,395.8453345298767,7,hotel_agg_TE_cross,105608,3.574421627238283e-05,0.005467209632659299
query_hotel_count,334.1301216483116,35,listwise_within_query,177461,3.0171428811960424e-05,0.009186960160417316
prop_std_price,325.1978818923235,7,hotel_agg_price_stat,159830,2.9364861494414538e-05,0.008274222744374818
query_star_mean,306.37026447057724,5,listwise_within_query,153238,2.7664757008363592e-05,0.007932962177954753
price_vs_dest_mean,274.2084232568741,6,listwise_within_query,155944,2.4760592912490247e-05,0.008073048812167844
prop_starrating,86.49240112304688,1,raw,26559,7.810128911413338e-06,0.0013749301249318074
prop_mean_price,70.4120714738965,2,hotel_agg_price_stat,147949,6.358100226035315e-06,0.007659156483810986
query_price_std,63.896915316581726,10,listwise_within_query,109383,5.769791787306377e-06,0.005662637217343119
prop_click_rate,62.519901275634766,1,hotel_agg_TE_single,645998,5.645449567261843e-06,0.03344260366902736
prop_log_historical_price,32.7263103723526,2,raw,104868,2.95513478044594e-06,0.005428900649171609
prop_location_score2,31.067660242319107,5,raw,1694100,2.805361260850098e-06,0.08770168773850578
prop_site_book_rate,29.483099937438965,2,hotel_agg_TE_cross,261074,2.662277936901022e-06,0.01351551291224996
srch_booking_window,15.63287878781557,8,raw,132341,1.4116245705289498e-06,0.006851147545600374
hour,15.569030046463013,5,temporal,75309,1.4058591287754535e-06,0.003898663834424846
comp_inv_count,12.821000099182129,1,competitor,21456,1.157716310886112e-06,0.0011107534455565668
price_vs_max,5.507415860891342,2,listwise_within_query,137321,4.97311061825319e-07,0.007108956650693201
price_diff_from_hist,3.498110055923462,1,price,311055,3.1587388173217976e-07,0.016102974133463736
price_per_room,2.560580015182495,1,price,81241,2.3121638140342014e-07,0.00420575692908562
price_per_guest,2.5392119884490967,3,interaction,132788,2.292868819190325e-07,0.006874288242382802
month,1.7251299619674683,1,temporal,34867,1.5577654472489092e-07,0.001805026117926026
comp_advantage_rank_norm,1.6869200468063354,1,competitor,98221,1.5232624898529102e-07,0.005084792793438272
loc2_vs_mean,1.5905729681253433,3,listwise_within_query,332543,1.436262580616245e-07,0.01721538418371166
comp_rate_count,1.2522499561309814,1,competitor,20936,1.1307621779144492e-07,0.0010838336193219745
is_short_window,0.8012609779834747,2,interaction,2255,7.235261651290383e-08,0.0001167388618442421
price_vs_min,0.4787060022354126,1,listwise_within_query,99464,4.3226405320937044e-08,0.005149141531918268
star_diff,0.4447770118713379,1,visitor,39543,4.0162670413167036e-08,0.002047097478450938
price_per_person,0.3352000117301941,1,price,107759,3.026803821755037e-08,0.005578564529256622
comp_advantage_rank,0.1896589994430542,1,competitor,63877,1.7125911821463182e-08,0.0033068418084366527
price_per_night,0.1883150041103363,1,price,145272,1.7004551139269476e-08,0.00752057114759944
dayofweek,0.13614700734615326,1,temporal,29011,1.2293862402592736e-08,0.0015018674594072317
starrating_rank_norm,0.07092119753360748,1,listwise_within_query,96435,6.40407351509739e-09,0.004992333544101768
price_vs_prop_mean,0.05255550146102905,1,listwise_within_query,639222,4.7456798063759136e-09,0.03309181762563198
price_usd,0.0,0,raw,77704,0.0,0.004022650341793786
visitor_hist_adr_usd,0.0,0,raw,48213,0.0,0.0024959338120161614
visitor_hist_starrating,0.0,0,raw,32117,0.0,0.0016626616522623164
prop_review_score,0.0,0,raw,42345,0.0,0.002192153926738107
prop_brand_bool,0.0,0,raw,21316,0.0,0.001103505800031869
srch_length_of_stay,0.0,0,raw,25283,0.0,0.001308873012863846
promotion_flag,0.0,0,raw,26979,0.0,0.0013966730615059013
comp_rate_sum,0.0,0,competitor,18178,0.0,0.0009410550024854247
comp_cheaper_count,0.0,0,competitor,6553,0.0,0.00033924157945246935
comp_more_expensive_count,0.0,0,competitor,9501,0.0,0.0004918562866439663
srch_children_count,0.0,0,raw,16326,0.0,0.0008451790059729918
srch_query_affinity_score,0.0,0,raw,79871,0.0,0.00413483354073679
price_ratio_to_hist,0.0,0,price,424029,0.0,0.021951513458515357
has_historical_price,0.0,0,missing_flag,267,0.0,1.3822295393531104e-05
has_query_affinity,0.0,0,missing_flag,673,0.0,3.484046741515518e-05
has_visitor_history,0.0,0,missing_flag,20,0.0,1.0353779320997081e-06
has_location_score2,0.0,0,missing_flag,15379,0.0,0.0007961538608880705
is_weekend_search,0.0,0,temporal,1286,0.0,6.657480103401123e-05
srch_saturday_night_bool,0.0,0,raw,2902,0.0,0.00015023333794766765
srch_room_count,0.0,0,raw,5550,0.0,0.000287317376157669
srch_adults_count,0.0,0,raw,18447,0.0,0.0009549808356721658
review_vs_mean,0.0,0,listwise_within_query,199353,0.0,0.010320284844893656
loc1_vs_mean,0.0,0,listwise_within_query,215595,0.0,0.011161115263551829
price_z_score,0.0,0,listwise_within_query,330339,0.0,0.017101285535594275
star_vs_mean,0.0,0,listwise_within_query,114611,0.0,0.005933285008793983
location1_rank_norm,0.0,0,listwise_within_query,108287,0.0,0.005605898506664055
location2_rank_norm,0.0,0,listwise_within_query,807632,0.0,0.04181021750287758
price_vs_mean,0.0,0,listwise_within_query,204751,0.0,0.010599733348767367
price_vs_median,0.0,0,listwise_within_query,281379,0.0,0.014566680357814188
review_rank_norm,0.0,0,listwise_within_query,119801,0.0,0.006201965582173857
price_rank_norm,0.0,0,listwise_within_query,85820,0.0,0.004442806706639848
location2_rank,0.0,0,listwise_within_query,488956,0.0,0.025312712608387244
review_is_zero,0.0,0,quality,1968,0.0,0.00010188118851861128
price_rank,0.0,0,listwise_within_query,276734,0.0,0.014326213833084031
starrating_rank,0.0,0,listwise_within_query,54760,0.0,0.002834864778089001
review_rank,0.0,0,listwise_within_query,105045,0.0,0.005438063743870692
location1_rank,0.0,0,listwise_within_query,53840,0.0,0.002787237393212414
comp_rate_pct_mean,0.0,0,competitor,90921,0.0,0.004706879848221878
comp_no_inv_count,0.0,0,competitor,7629,0.0,0.00039494491219943366
comp_rate_pct_max,0.0,0,competitor,76909,0.0,0.003981494068992822
comp_rate_pct_min,0.0,0,competitor,66484,0.0,0.00344180332188585
comp_rate_advantage,0.0,0,competitor,6895,0.0,0.00035694654209137436
starrating_is_zero,0.0,0,quality,621,0.0,3.2148484791695934e-05
value_score,0.0,0,quality,121355,0.0,0.006282414447498004
star_review_product,0.0,0,quality,55170,0.0,0.0028560900256970447
log_price,0.0,0,price,26573,0.0,0.0013756548894842773
total_cost,0.0,0,price,132905,0.0,0.006880345203285586
price_diff_from_visitor_hist,0.0,0,visitor,55823,0.0,0.0028898951151801002
abs_star_diff,0.0,0,visitor,48126,0.0,0.0024914299180115278
price_ratio_to_visitor_hist,0.0,0,visitor,73398,0.0,0.003799733473012719
is_best_review,0.0,0,listwise_within_query,321,0.0,1.6617815810200316e-05
price_percentile,0.0,0,listwise_within_query,127043,0.0,0.006576875931387161
is_best_location1,0.0,0,listwise_within_query,621,0.0,3.2148484791695934e-05
is_family,0.0,0,interaction,3563,0.0,0.000184452578603563
is_long_window,0.0,0,interaction,2756,0.0,0.00014267507904333978
is_last_minute,0.0,0,interaction,7495,0.0,0.00038800788005436565
promo_x_cheap,0.0,0,interaction,207313,0.0,0.01073236526186934
star_x_brand,0.0,0,interaction,34624,0.0,0.0017924462760510148
query_affinity_exp,0.0,0,interaction,66478,0.0,0.00344149270850622
value_score_rank,0.0,0,listwise_within_query,440740,0.0,0.02281662348968127
price_per_night_per_star,0.0,0,interaction,158890,0.0,0.00822555998156613
location_total_rank_norm,0.0,0,listwise_within_query,120731,0.0,0.006250110656016493
n_best_flags,0.0,0,listwise_within_query,10773,0.0,0.0005577063231255078
value_score_rank_norm,0.0,0,listwise_within_query,222989,0.0,0.01154389448504909
star_percentile,0.0,0,listwise_within_query,108110,0.0,0.005596735411964972
review_percentile,0.0,0,listwise_within_query,183233,0.0,0.00948577023162129
quality_rank_avg,0.0,0,listwise_within_query,134722,0.0,0.006974409288416844
value_gap,0.0,0,listwise_within_query,100394,0.0,0.005197286605760905
location_total_rank,0.0,0,listwise_within_query,57225,0.0,0.00296247510822029
is_best_star,0.0,0,listwise_within_query,919,0.0,4.757561597998159e-05
is_most_expensive,0.0,0,listwise_within_query,45,0.0,2.3296003472243432e-06
is_cheapest,0.0,0,listwise_within_query,253,0.0,1.3097530841061307e-05
price_to_min_ratio,0.0,0,listwise_within_query,124966,0.0,0.006469351933138606
log_price_z_score,0.0,0,listwise_within_query,181823,0.0,0.009412776087408262
prop_rel_rate,0.0,0,hotel_agg_TE_single,341395,0.0,0.017673642456458992
is_overpriced,0.0,0,interaction,11156,0.0,0.0005775338105252172
total_guests,0.0,0,interaction,20637,0.0,0.0010683547192370838
prop_dest_book_rate,0.0,0,hotel_agg_TE_cross,829144,0.0,0.04292387000664402
is_discounted,0.0,0,interaction,4560,0.0,0.00023606616851873345
prop_book_rate,0.0,0,hotel_agg_TE_single,143262,0.0,0.00741651566542342
prop_book_given_click,0.0,0,hotel_agg_TE_book_given_click,129315,0.0,0.0066944948644736876
prop_click_count,0.0,0,hotel_agg_TE_count,162104,0.0,0.008391945215254555
prop_price_zscore,0.0,0,hotel_agg_price_stat,582003,0.0,0.03012965313079132
star_vs_dest_mean,0.0,0,listwise_within_query,101392,0.0,0.00524895196457268
review_vs_dest_mean,0.0,0,listwise_within_query,135471,0.0,0.007013184191973978
