config_name,objective,boosting,label_gain,seed,num_leaves,learning_rate,best_iter,n_features,ndcg5,recall1,recall5,mean_booked_rank
A1,lambdarank,gbdt,"0,2,12",456,400,0.03,385.0,143,0.4220514324555018,0.2532837127845884,0.6376970227670753,5.977378867483946
A2,lambdarank,gbdt,"0,2,18",456,400,0.03,539.0,143,0.4211473384948694,0.2551079976649154,0.6382807939287799,5.9605954465849385
A3,lambdarank,gbdt,"0,2,20",456,400,0.03,318.0,143,0.4198580379403687,0.2483946293053123,0.6390834792761237,5.977086981903094
A4,lambdarank,gbdt,"0,2,25",456,400,0.03,442.0,143,0.4207272582204425,0.2527729130180969,0.64017805020432,5.9810274372446
A5,lambdarank,gbdt,"0,3,12",456,400,0.03,344.0,143,0.4210860870131338,0.25189725627554,0.6403969643899592,5.9740951546993575
A6,lambdarank,gbdt,"0,3,15",456,400,0.03,407.0,143,0.4219782765713343,0.2546701692936369,0.6409077641564507,5.965119673088149
A7,lambdarank,gbdt,"0,3,18",456,400,0.03,480.0,143,0.4208655315231677,0.2520431990659661,0.637405137186223,5.968257443082312
A8,lambdarank,gbdt,"0,3,20",456,400,0.03,428.0,143,0.4206005382311993,0.2532837127845884,0.6378429655575014,5.981611208406305
A9,lambdarank,gbdt,"0,4,15",456,400,0.03,454.0,143,0.4208497216564492,0.25569176882662,0.6395213076474022,5.961762988908348
A10,lambdarank,gbdt,"0,4,20",456,400,0.03,280.0,143,0.4204387529416504,0.2518242848803269,0.6407618213660246,5.991316403969644
A11,lambdarank,gbdt,"0,5,20",456,400,0.03,344.0,143,0.4210860870131338,0.25189725627554,0.6403969643899592,5.9740951546993575
A12,lambdarank,gbdt,"0,1,25",456,400,0.03,400.0,143,0.42070474281903,0.2523350846468184,0.6403969643899592,5.981684179801518
A13,lambdarank,gbdt,"0,1,30",456,400,0.03,514.0,143,0.4216881431978045,0.2545971978984238,0.6398131932282545,5.962711617046118
B1,lambdarank,gbdt,"0,2,15",456,400,0.03,363.0,143,0.4211999717030242,0.2513134851138354,0.6370402802101576,5.993140688849971
B2,lambdarank,gbdt,"0,2,15",456,400,0.03,125.0,143,0.401329553625538,0.2336544074722708,0.6104057209573847,6.331727962638646
B3,lambdarank,gbdt,"0,2,15",456,400,0.03,326.0,143,0.42396113577726,0.2568593111500292,0.6399591360186807,5.944541739638062
B4,lambdarank,gbdt,"0,2,15",456,400,0.03,328.0,143,0.4208334212552478,0.2525539988324576,0.6382078225335669,5.97913018096906
B5,lambdarank,gbdt,"0,2,15",456,400,0.03,368.0,143,0.4208915732474889,0.2522621132516053,0.6387915936952715,5.968403385872738
B6,lambdarank,gbdt,"0,2,15",456,400,0.03,694.0,143,0.4219650903839774,0.2535026269702277,0.6389375364856976,5.955706363105662
B7,lambdarank,gbdt,"0,3,15",456,400,0.03,359.0,143,0.4211130638933019,0.2515323992994746,0.6379159369527145,6.002116170461179
B8,lambdarank,gbdt,"0,3,15",456,400,0.03,117.0,143,0.4007287099696336,0.2327787507297139,0.6138353765323993,6.35529772329247
B9,lambdarank,gbdt,"0,3,15",456,400,0.03,435.0,143,0.4216841659483639,0.2515323992994746,0.6399591360186807,5.975919439579685
B10,lambdarank,gbdt,"0,2,20",456,400,0.03,358.0,143,0.421976654275635,0.2504378283712785,0.6393753648569761,6.004889083479276
B11,lambdarank,gbdt,"0,2,20",456,400,0.03,133.0,143,0.4017235518145436,0.2336544074722708,0.6133245767659078,6.347051955633392
B12,lambdarank,gbdt,"0,2,20",456,400,0.03,491.0,143,0.42056238378676,0.2511675423234092,0.6386456509048453,5.99430823117338
C1,lambdarank,gbdt,"0,2,15",42,400,0.03,287.0,143,0.419713877675565,0.2524810274372446,0.6398131932282545,5.99262988908348
C2,lambdarank,gbdt,"0,2,15",123,400,0.03,427.0,143,0.4207390734334815,0.2515323992994746,0.6398861646234676,5.9707384705195565
C3,lambdarank,gbdt,"0,2,15",789,400,0.03,351.0,143,0.4209438255379801,0.2520431990659661,0.6408347927612376,5.978035610040864
C4,lambdarank,gbdt,"0,2,15",2024,400,0.03,250.0,143,0.4195416690699713,0.2499270286047869,0.639302393461763,6.021161704611792
C5,lambdarank,gbdt,"0,2,15",9999,400,0.03,363.0,143,0.4206051058633752,0.2516053706946877,0.6399591360186807,5.986354349095155
C6,lambdarank,gbdt,"0,3,15",42,400,0.03,518.0,143,0.4210580763147767,0.2532107413893754,0.6400321074138937,5.953663164039696
C7,lambdarank,gbdt,"0,3,15",123,400,0.03,379.0,143,0.4194616532691804,0.2511675423234092,0.6379159369527145,5.98766783420899
C8,lambdarank,gbdt,"0,3,15",789,400,0.03,479.0,143,0.4211012295346639,0.2540134267367192,0.6403239929947461,5.955268534734384
C9,lambdarank,gbdt,"0,3,15",2024,400,0.03,591.0,143,0.4214494378548917,0.2537215411558669,0.6384997081144191,5.9697168709865736
C10,lambdarank,gbdt,"0,2,20",42,400,0.03,268.0,143,0.4197779309104616,0.2498540572095738,0.6398861646234676,6.0015323992994745
C11,lambdarank,gbdt,"0,2,20",123,400,0.03,465.0,143,0.4212082986421953,0.2527729130180969,0.6399591360186807,5.94972270869819
C12,lambdarank,gbdt,"0,2,20",789,400,0.03,375.0,143,0.4204783850557079,0.2526999416228838,0.6391564506713369,5.969279042615295
D1,lambdarank,gbdt,"0,2,15",456,400,0.03,476.0,142,0.4192809455122522,0.2505107997664915,0.6356538237011091,6.020359019264449
D2,lambdarank,gbdt,"0,2,15",456,400,0.03,476.0,142,0.4192809455122522,0.2505107997664915,0.6356538237011091,6.020359019264449
D3,lambdarank,gbdt,"0,3,15",456,400,0.03,399.0,142,0.418661334011387,0.2498540572095738,0.6368213660245184,6.016637478108581
D4,lambdarank,gbdt,"0,2,15",456,400,0.03,523.0,120,0.4222849173966679,0.2545242265032107,0.6390834792761237,5.958187390542907
D5,lambdarank,gbdt,"0,2,15",456,400,0.03,353.0,100,0.4194923665698253,0.2507297139521308,0.6387915936952715,5.984894921190893
D6,lambdarank,gbdt,"0,2,15",456,400,0.03,485.0,80,0.4184947594011178,0.2485405720957384,0.6381348511383538,5.999124343257443
D7,lambdarank,gbdt,"0,2,15",456,400,0.03,486.0,101,0.420069131859239,0.2513134851138354,0.6384997081144191,5.977743724460011
D8,lambdarank,gbdt,"0,2,15",456,400,0.03,380.0,72,0.4175554023746609,0.2496351430239346,0.6361646234676007,6.03582895504962
D9,lambdarank,gbdt,"0,2,15",456,400,0.03,416.0,139,0.4189235504431869,0.2516783420899007,0.6362375948628137,5.985916520723876
D10,lambdarank,gbdt,"0,2,15",456,400,0.03,486.0,138,0.4205621625224238,0.2528458844133099,0.6392294220665499,5.95920899007589
D11,lambdarank,gbdt,"0,2,15",456,400,0.03,514.0,140,0.4214466832259077,0.25189725627554,0.6407618213660246,5.97343841214244
D12,lambdarank,gbdt,"0,2,15",456,400,0.03,367.0,138,0.419328069214686,0.2486865148861646,0.6373321657910099,5.992265032107414
D13,lambdarank,gbdt,"0,2,15",456,400,0.03,484.0,80,0.3999875509363152,0.2374489200233508,0.6090192644483362,6.356903093987157
D14,lambdarank,gbdt,"0,2,15",456,400,0.03,409.0,135,0.4210687899112557,0.2524080560420315,0.6390834792761237,5.9710303561004086
E1,lambdarank,gbdt,"0,2,15",456,255,0.03,611.0,143,0.4220263276180668,0.2543782837127846,0.6409077641564507,5.959865732632808
E2,lambdarank,gbdt,"0,2,15",456,128,0.03,484.0,143,0.4208346655037956,0.2514594279042615,0.6389375364856976,5.973657326328079
E3,lambdarank,gbdt,"0,2,15",456,512,0.03,551.0,143,0.4218449069584134,0.2521161704611792,0.641272621132516,5.961398131932283
E4,lambdarank,gbdt,"0,2,15",456,400,0.03,518.0,143,0.4229054038189159,0.2547431406888499,0.6420753064798599,5.947241681260945
E5,lambdarank,gbdt,"0,2,15",456,400,0.03,277.0,143,0.4198331838688213,0.2509486281377699,0.6386456509048453,6.008975481611208
E6,lambdarank,gbdt,"0,2,15",456,400,0.03,439.0,143,0.4214036543147207,0.2528458844133099,0.6410537069468768,5.960814360770578
E7,lambdarank,gbdt,"0,2,15",456,400,0.02,821.0,143,0.4225068692440406,0.25379451255108,0.6410537069468768,5.939433741973146
E8,lambdarank,gbdt,"0,2,15",456,400,0.05,135.0,143,0.4188053512859919,0.2506567425569176,0.6341943957968477,6.053269118505546
E9,lambdarank,gbdt,"0,2,15",456,400,0.03,322.0,143,0.4210925706952336,0.2536485697606538,0.6386456509048453,5.972489784004671
E10,lambdarank,gbdt,"0,2,15",456,400,0.03,380.0,143,0.4210224847364751,0.2533566841798015,0.6403969643899592,5.97438704028021
F1,lambdarank,gbdt,"0,2,15",456,400,0.03,392.0,143,0.421036625366641,0.2524810274372446,0.6394483362521891,5.975773496789259
F2,lambdarank,gbdt,"0,2,15",456,400,0.03,439.0,143,0.4214036543147207,0.2528458844133099,0.6410537069468768,5.960814360770578
F3,lambdarank,gbdt,"0,2,15",456,400,0.03,408.0,143,0.4206877120628958,0.2524810274372446,0.6381348511383538,5.9810274372446
F4,lambdarank,gbdt,"0,2,15",456,400,0.03,362.0,143,0.4178841254706369,0.2502918855808523,0.6366754232340922,6.010143023934617
F5,lambdarank,gbdt,"0,2,15",456,400,0.03,349.0,143,0.4182810046397962,0.2486865148861646,0.6382078225335669,6.010288966725044
F6,lambdarank,gbdt,"0,2,15",456,400,0.03,369.0,143,0.4190322403319824,0.2515323992994746,0.6399591360186807,5.979495037945125
F7,lambdarank,gbdt,"0,2,15",456,400,0.03,149.0,143,0.3955045948981905,0.2238032691185055,0.6014302393461763,6.495402802101577
F8,lambdarank,gbdt,"0,2,15",456,400,0.03,437.0,143,0.4216600219154528,0.2510215995329831,0.64017805020432,5.979640980735551
F9,lambdarank,gbdt,"0,2,15",456,400,0.03,332.0,131,0.4203280643873113,0.2518242848803269,0.6392294220665499,5.988251605370695
F10,lambdarank,gbdt,"0,2,15",456,400,0.03,465.0,136,0.4202534097836601,0.2524080560420315,0.6357267950963222,5.985916520723876
F12,lambdarank,gbdt,"0,2,15",456,400,0.03,313.0,143,0.4196198200168831,0.2497081144191477,0.6359457092819615,6.00737011091652
F13,lambdarank,gbdt,"0,3,15",456,400,0.03,500.0,143,0.4225321567469929,0.2563485113835376,0.6422942206654991,5.968622300058377
F14,lambdarank,gbdt,"0,2,15",456,400,0.03,476.0,142,0.4192809455122522,0.2505107997664915,0.6356538237011091,6.020359019264449
H1,rank_xendcg,gbdt,,456,400,0.03,324.0,143,0.417660668127189,0.2472270869819031,0.6353619381202569,6.049182720373613
H2,lambdarank,dart,"0,2,15",456,400,0.03,,143,0.4212385081025689,0.2534296555750145,0.6379159369527145,5.96606830122592
H3,binary,gbdt,,456,400,0.03,739.0,143,0.4116387102961484,0.2400029188558085,0.6319322825452423,6.116024518388792
H4,binary,gbdt,,456,400,0.03,784.0,143,0.4132942015373793,0.2426298890834792,0.6303269118505546,6.089754816112084
H5,binary,gbdt,,456,400,0.03,784.0,143,0.4132942015373793,0.2426298890834792,0.6303269118505546,6.089754816112084
I1,lambdarank,gbdt,"0,2,15",456,63,0.03,1079.0,143,0.4212442476669977,0.2540134267367192,0.6376240513718622,5.951401050788091
I2,lambdarank,gbdt,"0,2,15",456,128,0.03,689.0,138,0.4201104829287231,0.2516053706946877,0.6392294220665499,5.977159953298307
I3,lambdarank,goss,"0,2,15",456,400,0.03,426.0,143,0.4218115217085209,0.2548890834792761,0.6403239929947461,5.951984821949796
I4,lambdarank,gbdt,"0,2,15",456,400,0.03,344.0,137,0.4173040960936301,0.2458406304728546,0.6341943957968477,6.081946876824285
I5,lambdarank,gbdt,"0,3,30",456,400,0.03,153.0,143,0.3960150803389419,0.2246059544658493,0.5996059544658494,6.51065382370111
I6,lambdarank,dart,"0,2,15",456,400,0.03,,143,0.42162519939098225,0.2524810274372446,0.64017805020432,5.944833625218914
