exp_id,phase,name,date,change_summary,baseline_ref,local_ndcg5,kaggle_ndcg5,delta_local_vs_v4,delta_kaggle_vs_v4,kept,notes
V4_ENSEMBLE,P0,V4_ensemble_baseline,2026-05-14,8-model rank-averaged ensemble (lambdarank_base/click3/bal15/book50/noipw/randup + rank_xendcg + booking_clf),NONE,0.42512,0.42021,0.0,0.0,YES,Frozen baseline. All future experiments compare against this row.
V4_BEST_SINGLE,P0,V4_best_single_baseline,2026-05-14,Best individual model inside V4 ensemble (lambdarank_bal15 per user note),V4_ENSEMBLE,0.42191,,,-0.00321,YES,Single-model anchor for Phase 2-8 sweeps. No standalone Kaggle submission.
P2_INVALID_lg_0_1_10,P2_INVALID,phase2_labelgain/lg_0_1_10,2026-05-15T21:34:07.792450+00:00,"label_gain=0,1,10 — TAINTED by Dataset pre-construct bug",V4_BEST_SINGLE,0.4209563454376836,,-0.004163654562316377,,NO,INVALID: lgb.Dataset pre-constructed with ds.construct() outside the loop → binning used default data_random_seed=1 instead of seed=456. Anchor check (run_id=phase2_anchor_check) confirmed: V4-style pattern reproduces 0.42191 exactly. Do not use these numbers for label_gain selection.
P2_INVALID_lg_0_1_12,P2_INVALID,phase2_labelgain/lg_0_1_12,2026-05-15T21:34:07.792450+00:00,"label_gain=0,1,12 — TAINTED by Dataset pre-construct bug",V4_BEST_SINGLE,0.4215364391724303,,-0.0035835608275697206,,NO,INVALID: lgb.Dataset pre-constructed with ds.construct() outside the loop → binning used default data_random_seed=1 instead of seed=456. Anchor check (run_id=phase2_anchor_check) confirmed: V4-style pattern reproduces 0.42191 exactly. Do not use these numbers for label_gain selection.
P2_INVALID_lg_0_1_15,P2_INVALID,phase2_labelgain/lg_0_1_15,2026-05-15T21:34:07.792450+00:00,"label_gain=0,1,15 — TAINTED by Dataset pre-construct bug",V4_BEST_SINGLE,0.4195119559166295,,-0.005608044083370511,,NO,INVALID: lgb.Dataset pre-constructed with ds.construct() outside the loop → binning used default data_random_seed=1 instead of seed=456. Anchor check (run_id=phase2_anchor_check) confirmed: V4-style pattern reproduces 0.42191 exactly. Do not use these numbers for label_gain selection.
P2_INVALID_lg_0_1_18,P2_INVALID,phase2_labelgain/lg_0_1_18,2026-05-15T21:34:07.792450+00:00,"label_gain=0,1,18 — TAINTED by Dataset pre-construct bug",V4_BEST_SINGLE,0.4196045694286106,,-0.005515430571389424,,NO,INVALID: lgb.Dataset pre-constructed with ds.construct() outside the loop → binning used default data_random_seed=1 instead of seed=456. Anchor check (run_id=phase2_anchor_check) confirmed: V4-style pattern reproduces 0.42191 exactly. Do not use these numbers for label_gain selection.
P2_INVALID_lg_0_1_20,P2_INVALID,phase2_labelgain/lg_0_1_20,2026-05-15T21:34:07.792450+00:00,"label_gain=0,1,20 — TAINTED by Dataset pre-construct bug",V4_BEST_SINGLE,0.4212957538376499,,-0.003824246162350109,,NO,INVALID: lgb.Dataset pre-constructed with ds.construct() outside the loop → binning used default data_random_seed=1 instead of seed=456. Anchor check (run_id=phase2_anchor_check) confirmed: V4-style pattern reproduces 0.42191 exactly. Do not use these numbers for label_gain selection.
P2_INVALID_lg_0_2_15,P2_INVALID,phase2_labelgain/lg_0_2_15,2026-05-15T21:34:07.792450+00:00,"label_gain=0,2,15 — TAINTED by Dataset pre-construct bug",V4_BEST_SINGLE,0.4206317744965391,,-0.0044882255034608964,,NO,INVALID: lgb.Dataset pre-constructed with ds.construct() outside the loop → binning used default data_random_seed=1 instead of seed=456. Anchor check (run_id=phase2_anchor_check) confirmed: V4-style pattern reproduces 0.42191 exactly. Do not use these numbers for label_gain selection.
P2_ANCHOR_CHECK,P2,phase2_anchor_check/anchor_lg_0_1_15,2026-05-15T21:34:07.792450+00:00,"V4-style Dataset pattern verification (label_gain=0,1,15)",V4_BEST_SINGLE,0.4219149237443544,,-0.003205076255645589,,ANCHOR,Confirms V4 bal15 reproduces exactly with the V4 Dataset pattern. Δ vs anchor = 0.00000.
